,20220901,0,0000,ST-910,월곡2동_015_1,ST-2935,안암동_024_1,1,14,2405
9000000,20220930,1,2350,ST-201,아현동_049_1,ST-201,아현동_049_1,1,0,0.0
9000001,20220930,0,2350,ST-2451,한강로동_017_1,ST-334,한강로동_017_2,1,1,270.0
9000002,20220930,0,2350,ST-563,길음1동_075_2,ST-565,종암동_048_1,1,6,1574.03
9000003,20220930,0,2350,ST-1813,창신1동_010_1,ST-1813,창신1동_010_1,1,0,0.0
9000004,20220930,1,2350,ST-714,은천동_051_1,ST-714,은천동_051_1,1,0,0.0
9000005,20220930,1,2350,ST-293,영등포동_008_1,ST-1353,영등포본동_044_1,1,12,1876.88
9000006,20220930,1,2350,ST-1938,가산동_003_4,ST-936,구로3동_037_2,1,11,1850.0
9000007,20220930,0,2350,ST-520,가양3동_011_3,ST-1509,가양3동_015_1,1,2,400.0
9000008,20220930,0,2350,ST-2996,신사동_020_1,ST-702,신림동_029_1,1,3,695.45
9000009,20220930,0,2350,ST-2337,왕십리도선동_028_3,ST-2337,왕십리도선동_028_3,1,3,83.27
9000010,20220930,1,2350,ST-17,홍은2동_001_1,ST-17,홍은2동_001_1,1,74,3570.0
9000011,20220930,1,2350,ST-1740,공릉2동_021_1,ST-2896,공릉1동_068_1,1,46,876.4
9000012,20220930,1,2350,ST-1793,가락1동_001_2,ST-1793,가락1동_001_2,1,48,1860.0
9000013,20220930,0,2350,ST-1419,장지동_003_1,ST-1075,문정1동_029_1,1,4,670.0
9000014,20220930,1,2350,ST-349,북가좌1동_008_1,ST-95,상암동_022_1,1,5,1150.0
9000015,20220930,1,2350,ST-2342,용답동_004_1,ST-1447,전농2동_037_1,1,10,1980.0
9000016,20220930,0,2350,ST-2601,잠실4동_022_1,ST-1409,잠실4동_055_1,1,4,470.0
9000017,20220930,0,2350,ST-1268,보라매동_002_1,ST-1268,보라매동_002_1,1,0,0.0
9000018,20220930,0,2350,ST-2564,문래동_026_1,ST-2564,문래동_026_1,1,1,0.0
9000019,20220930,0,2350,ST-161,종로5·6가동_007_2,ST-161,종로5·6가동_007_2,1,6,660.0
9000020,20220930,0,2350,ST-2308,화양동_041_2,ST-99,자양3동_050_1,1,5,974.31
9000021,20220930,0,2350,ST-2726,창4동_004_1,ST-2967,창4동_048_1,1,2,0.0
9000022,20220930,0,2350,ST-2988,위례동_001_4,ST-549,거여1동_019_2,1,2,0.0
9000023,20220930,0,2350,ST-1298,장안1동_065_1,ST-2268,장안1동_010_1,1,4,812.13
9000024,20220930,0,2350,ST-1137,창5동_001_1,ST-658,창5동_004_1,1,4,910.0
9000025,20220930,0,2350,ST-2016,목1동_044_1,ST-1996,목1동_049_1,1,3,460.0
9000026,20220930,0,2350,ST-924,사당1동_002_1,ST-729,사당1동_009_1,1,4,687.65
9000027,20220930,0,2350,ST-676,고척2동_035_1,ST-920,개봉1동_051_3,1,5,1125.87
9000028,20220930,0,2350,ST-1088,잠실2동_050_1,ST-1705,잠실2동_066_1,1,3,618.69
9000029,20220930,0,2350,ST-371,송정동_019_2,ST-371,송정동_019_2,1,0,0.0
9000030,20220930,0,2350,ST-204,용강동_030_1,ST-206,용강동_021_1,1,2,500.0
9000031,20220930,0,2350,ST-1224,구로3동_042_1,ST-1753,구로3동_042_2,1,1,380.0
9000032,20220930,0,2350,ST-566,중화2동_038_2,ST-1097,면목2동_028_1,1,6,310.6
9000033,20220930,0,2350,ST-456,갈현2동_038_1,ST-454,대조동_024_1,1,3,470.0
9000034,20220930,0,2350,ST-1352,발산1동_070_1,ST-2993,발산1동_060_2,1,3,890.0
9000035,20220930,0,2350,ST-2933,휘경1동_022_1,ST-1302,휘경2동_027_1,1,5,780.0
9000036,20220930,0,2350,ST-1493,홍은2동_003_1,ST-2785,응암1동_013_1,1,4,881.0
9000037,20220930,0,2350,ST-1839,성내3동_034_1,ST-2738,둔촌2동_002_1,1,3,1890.0
9000038,20220930,0,2350,ST-102,자양1동_003_1,ST-2305,자양3동_002_1,1,3,915.76
9000039,20220930,0,2350,ST-377,구의3동_027_1,ST-1722,구의2동_042_1,1,6,830.0
9000040,20220930,0,2350,ST-2876,방이2동_012_2,ST-2797,방이2동_012_1,1,3,2431.95
9000041,20220930,0,2350,ST-90,상암동_025_9,ST-92,상암동_055_1,1,5,741.77
9000042,20220930,0,2350,ST-1996,목1동_049_1,ST-310,목4동_047_1,1,6,923.2
9000043,20220930,0,2350,ST-201,아현동_049_1,ST-201,아현동_049_1,1,0,0.0
9000044,20220930,0,2350,ST-1325,남영동_001_1,ST-2173,한강로동_004_1,1,5,931.23
9000045,20220930,0,2350,ST-714,은천동_051_1,ST-714,은천동_051_1,1,0,0.0
9000046,20220930,0,2350,ST-1807,종로1·2·3·4가동_002_3,ST-1810,종로1·2·3·4가동_002_5,1,3,637.53
9000047,20220930,0,2350,ST-1215,안암동_023_1,ST-827,안암동_030_1,1,2,610.0
9000048,20220930,0,2350,ST-1735,서초1동_030_1,ST-1404,서초1동_018_1,1,7,840.0
9000049,20220930,0,2350,ST-2045,가양1동_039_16,ST-2036,가양1동_039_12,1,4,695.93
9000050,20220930,0,2350,ST-368,성수2가3동_002_3,ST-2466,성수1가2동_006_1,1,3,770.0
9000051,20220930,0,2350,ST-1543,신대방2동_027_2,ST-2826,신대방1동_014_1,1,7,1210.0
9000052,20220930,0,2350,ST-984,자양1동_008_1,ST-2308,화양동_041_2,1,7,1357.42
9000053,20220930,0,2350,ST-1996,목1동_049_1,ST-2761,신정4동_015_1,1,5,800.0
9000054,20220930,0,2350,ST-2459,번1동_005_1,ST-2137,번1동_030_2,1,3,572.6
9000055,20220930,0,2350,ST-842,삼선동_005_1,ST-1818,혜화동_037_1,2,10,1490.06
9000056,20220930,0,2350,ST-2593,잠실2동_031_1,ST-1797,잠실2동_024_1,1,2,30.0
9000057,20220930,0,2350,ST-2292,묵1동_001_1,ST-2292,묵1동_001_1,1,6,797.1
9000058,20220930,0,2350,ST-2676,세곡동_007_1,ST-1892,세곡동_048_1,1,3,480.0
9000059,20220930,0,2350,ST-2931,독산1동_041_2,ST-2931,독산1동_041_2,1,0,0.0
9000060,20220930,1,2355,ST-1813,창신1동_010_1,ST-1216,보문동_006_1,1,13,2098.58
9000061,20220930,0,2355,ST-691,상도1동_049_1,ST-691,상도1동_049_1,1,0,0.0
9000062,20220930,0,2355,ST-445,군자동_030_1,ST-114,군자동_020_1,1,2,381.13
9000063,20220930,0,2355,ST-173,혜화동_039_1,ST-156,혜화동_001_1,1,2,0.0
9000064,20220930,1,2355,ST-99,자양3동_050_1,ST-2278,장안2동_049_1,1,76,11630.0
9000065,20220930,0,2355,ST-2000,목3동_001_1,ST-530,등촌2동_018_1,1,4,720.0
9000066,20220930,0,2355,ST-2223,석관동_001_1,ST-2075,월계3동_041_1,1,1,0.0
9000067,20220930,1,2355,ST-2767,신월1동_041_1,ST-1011,신월1동_012_1,1,3,840.0
9000068,20220930,1,2355,ST-2946,염창동_001_1,ST-1508,염창동_055_3,1,35,6814.94
9000069,20220930,1,2355,ST-749,반포3동_013_1,ST-810,역삼1동_053_2,1,57,8483.1
9000070,20220930,1,2355,ST-14,연희동_047_1,ST-342,성산1동_015_1,1,26,1990.0
9000071,20220930,1,2355,ST-2167,서교동_023_1,ST-210,성산1동_009_1,1,7,1280.0
9000072,20220930,1,2355,ST-368,성수2가3동_002_3,ST-262,장안2동_053_1,1,47,9680.0
9000073,20220930,1,2355,ST-227,남가좌2동_023_1,ST-341,연남동_016_1,1,7,935.52
9000074,20220930,1,2355,ST-99,자양3동_050_1,ST-99,자양3동_050_1,2,54,10918.21
9000075,20220930,1,2355,ST-2902,영등포본동_014_1,ST-1985,영등포본동_036_1,1,12,1769.01
9000076,20220930,0,2355,ST-1729,삼전동_046_1,ST-2918,삼전동_046_2,1,1,296.76
9000077,20220930,1,2355,ST-660,독산1동_031_2,ST-660,독산1동_031_2,1,96,27810.0
9000078,20220930,1,2355,ST-2918,삼전동_046_2,ST-1859,석촌동_003_1,1,7,1311.92
9000079,20220930,0,2355,ST-2264,역촌동_073_1,ST-479,역촌동_068_1,1,3,531.51
9000080,20220930,0,2355,ST-2909,강일동_044_2,ST-2909,강일동_044_2,1,1,88.15
9000081,20220930,0,2355,ST-546,잠실본동_005_1,ST-1728,잠실본동_030_1,1,2,300.0
9000082,20220930,0,2355,ST-3041,대림3동_004_1,ST-3040,대림3동_024_1,1,2,160.0
9000083,20220930,0,2355,ST-170,가회동_004_1,ST-1804,삼청동_001_3,1,2,760.0
9000084,20220930,0,2355,ST-974,화양동_041_5,ST-974,화양동_041_5,1,0,0.0
9000085,20220930,0,2355,ST-2095,도봉2동_003_1,ST-2095,도봉2동_003_1,1,0,0.0
9000086,20220930,0,2355,ST-97,화양동_040_1,ST-97,화양동_040_1,1,3,21.73
9000087,20220930,0,2355,ST-2056,발산1동_037_1,ST-2058,발산1동_033_1,1,2,381.13
9000088,20220930,0,2355,ST-479,역촌동_068_1,ST-2264,역촌동_073_1,1,3,444.78
9000089,20220930,0,2355,ST-513,가양1동_049_1,ST-513,가양1동_049_1,1,0,0.0
9000090,20220930,0,2355,ST-1228,개봉1동_062_1,ST-1228,개봉1동_062_1,1,0,88.32
9000091,20220930,0,2355,ST-2018,염창동_055_4,ST-1508,염창동_055_3,1,3,300.0
9000092,20220930,0,2355,ST-2317,중곡2동_014_1,ST-983,중곡1동_022_1,2,6,599.77
9000093,20220930,0,2355,ST-2702,하계1동_043_1,ST-2702,하계1동_043_1,1,0,0.0
9000094,20220930,0,2355,ST-2944,가양1동_029_1,ST-2944,가양1동_029_1,1,2,0.0
9000095,20220930,0,2355,ST-1268,보라매동_002_1,ST-1270,신림동_030_1,1,4,10.0
9000096,20220930,0,2355,ST-2353,대방동_015_2,ST-2353,대방동_015_2,1,0,0.0
9000097,20220930,0,2355,ST-99,자양3동_050_1,ST-99,자양3동_050_1,1,0,0.0
9000098,20220930,0,2355,ST-470,대조동_003_1,ST-454,대조동_024_1,1,1,250.0
9000099,20220930,1,2355,ST-975,방화1동_055_2,ST-1254,방화1동_017_1,1,4,560.0
9000100,20220930,1,2355,ST-1590,잠실3동_070_3,ST-1179,대치1동_019_1,1,24,4760.7
9000101,20220930,1,2355,ST-2095,도봉2동_003_1,ST-2095,도봉2동_003_1,1,0,0.0
9000102,20220930,1,2355,ST-33,북가좌2동_004_1,ST-277,양평2동_004_1,1,44,8180.0
9000103,20220930,1,2355,ST-2420,사근동_007_2,ST-376,마장동_032_1,1,3,850.0
9000104,20220930,1,2355,ST-643,수유3동_017_1,ST-651,수유2동_023_1,1,8,1380.0
9000105,20220930,0,2355,ST-32,서교동_028_1,ST-32,서교동_028_1,1,0,0.0
9000106,20220930,1,2355,ST-1991,신길6동_026_1,ST-1991,신길6동_026_1,1,14,1342.67
9000107,20220930,1,2355,ST-522,우장산동_004_2,ST-1069,화곡6동_025_1,1,22,1880.0
9000108,20220930,1,2355,ST-528,등촌2동_002_1,ST-517,염창동_009_1,1,45,1360.97
9000109,20220930,1,2355,ST-2574,풍납2동_049_4,ST-2797,방이2동_012_1,1,13,1639.87
9000110,20220930,1,2355,ST-396,휘경2동_032_2,ST-396,휘경2동_032_2,1,109,5080.0
9000111,20220930,1,2355,ST-2045,가양1동_039_16,ST-1251,가양1동_037_1,1,10,1534.87
9000112,20220930,1,2355,ST-2013,신정7동_035_1,ST-2960,신정7동_016_1,1,58,3077.43
9000113,20220930,1,2355,ST-438,청파동_039_1,ST-2173,한강로동_004_1,1,8,1067.45
9000114,20220930,1,2355,ST-2491,가양1동_002_4,ST-1338,방화1동_016_1,1,40,1528.35
9000115,20220930,1,2355,ST-2702,하계1동_043_1,ST-2702,하계1동_043_1,1,0,0.0
9000116,20220930,1,2355,ST-700,노량진1동_025_1,ST-332,용산2가동_011_4,1,46,5996.96
9000117,20220930,1,2355,ST-2614,신사동_044_1,ST-635,독산3동_037_1,1,17,2300.0
9000118,20220930,1,2355,ST-1996,목1동_049_1,ST-2013,신정7동_035_1,1,15,2695.37
9000119,20220930,1,2355,ST-2811,양평2동_024_1,ST-1000,신정7동_003_1,1,22,4286.39
9000120,20220930,1,2355,ST-1992,문래동_046_1,ST-1968,영등포동_006_1,1,12,1820.0
9000121,20220930,1,2355,ST-1689,가양1동_039_3,ST-513,가양1동_049_1,1,5,1165.61
9000122,20220930,1,2355,ST-574,월곡2동_006_1,ST-565,종암동_048_1,1,15,1829.65
9000123,20220930,1,2355,ST-1874,오륜동_041_1,ST-2877,오금동_013_1,1,35,5880.0
9000124,20220930,1,2355,ST-1497,목1동_004_2,ST-1994,목5동_034_1,1,5,1107.64
9000125,20220930,1,2355,ST-975,방화1동_055_2,ST-2857,방화1동_055_1,1,10,1004.3
9000126,20220930,1,2355,ST-520,가양3동_011_3,ST-1069,화곡6동_025_1,1,19,2460.0
9000127,20220930,1,2355,ST-445,군자동_030_1,ST-114,군자동_020_1,1,2,381.13
9000128,20220930,1,2355,ST-2317,중곡2동_014_1,ST-983,중곡1동_022_1,2,6,599.77
9000129,20220930,1,2355,ST-377,구의3동_027_1,ST-1722,구의2동_042_1,1,6,830.0
9000130,20220930,1,2355,ST-161,종로5·6가동_007_2,ST-161,종로5·6가동_007_2,1,6,660.0
9000131,20220930,1,2355,ST-455,응암1동_032_1,ST-455,응암1동_032_1,1,84,14390.0
9000132,20220930,1,2355,ST-3095,증산동_028_1,ST-481,구산동_062_1,1,22,4543.26
9000133,20220930,1,2355,ST-439,남영동_004_1,ST-439,남영동_004_1,1,79,13591.85
9000134,20220930,0,2355,ST-1065,가양1동_040_1,ST-834,등촌3동_053_3,1,4,630.51
9000135,20220930,0,2355,ST-533,등촌2동_027_1,ST-1400,목3동_039_1,1,2,570.0
9000136,20220930,1,2355,ST-470,대조동_003_1,ST-454,대조동_024_1,1,1,250.0
9000137,20220930,1,2355,ST-2884,발산1동_012_6,ST-2049,발산1동_012_4,1,3,590.0
9000138,20220930,1,2355,ST-2463,개봉2동_034_1,ST-2006,신정2동_021_1,1,90,14012.36
9000139,20220930,1,2355,ST-1994,목5동_034_1,ST-1006,목5동_054_1,1,9,1310.0
9000140,20220930,1,2355,ST-534,화곡4동_038_1,ST-1517,발산1동_012_1,1,38,6681.36
9000141,20220930,1,2355,ST-1796,오금동_050_1,ST-366,옥수동_036_1,1,72,27760.0
9000142,20220930,1,2355,ST-1974,도림동_027_2,ST-1697,대림3동_036_1,1,6,970.0
9000143,20220930,1,2355,ST-499,명일1동_010_5,ST-1061,천호1동_039_1,1,4,790.0
9000144,20220930,1,2355,ST-1700,영등포본동_031_1,ST-1273,구로5동_031_1,1,9,2332.47
9000145,20220930,1,2355,ST-882,은천동_039_1,ST-717,중앙동_028_1,1,92,16658.88
9000146,20220930,1,2355,ST-2353,대방동_015_2,ST-2353,대방동_015_2,1,0,0.0
9000147,20220930,1,2355,ST-97,화양동_040_1,ST-97,화양동_040_1,1,3,21.73
9000148,20220930,1,2355,ST-285,문래동_057_1,ST-2820,문래동_004_1,1,8,1200.0
9000149,20220930,1,2355,ST-1375,상봉2동_002_3,ST-2270,휘경2동_009_1,1,12,2200.0
9000150,20220930,0,2355,ST-112,성수2가3동_016_1,ST-112,성수2가3동_016_1,1,0,0.0
9000151,20220930,1,2355,ST-175,숭인1동_010_1,ST-158,이화동_006_1,1,19,3660.0
9000152,20220930,1,2355,ST-542,잠실4동_001_3,ST-908,방이1동_011_1,1,12,2048.83
9000153,20220930,1,2355,ST-2382,낙성대동_012_1,ST-2379,서원동_010_1,1,15,345.74
9000154,20220930,1,2355,ST-2056,발산1동_037_1,ST-2058,발산1동_033_1,1,2,381.13
9000155,20220930,1,2355,ST-1064,발산1동_060_1,ST-1514,발산1동_061_1,1,9,1200.0
9000156,20220930,1,2355,ST-2726,창4동_004_1,ST-1279,상계6·7동_001_2,2,15,1956.21
9000157,20220930,1,2355,ST-2797,방이2동_012_1,ST-1705,잠실2동_066_1,2,40,7426.16
9000158,20220930,1,2355,ST-1357,신사동_012_1,ST-1268,보라매동_002_1,1,6,970.0
9000159,20220930,1,2355,ST-338,을지로동_001_2,ST-1813,창신1동_010_1,1,12,1600.0
9000160,20220930,1,2355,ST-1531,구로1동_002_2,ST-1219,구로1동_001_1,1,4,540.0
9000161,20220930,0,2355,ST-1905,서초4동_001_1,ST-1905,서초4동_001_1,1,0,0.0
9000162,20220930,1,2355,ST-2225,동선동_012_1,ST-2935,안암동_024_1,1,20,2704.34
9000163,20220930,1,2355,ST-1638,창2동_009_1,ST-1105,송중동_049_1,1,23,3710.0
9000164,20220930,1,2355,ST-2944,가양1동_029_1,ST-2944,가양1동_029_1,1,2,0.0
9000165,20220930,1,2355,ST-1718,방화1동_064_1,ST-2889,방화1동_064_2,1,2,340.0
9000166,20220930,1,2355,ST-379,중곡3동_002_2,ST-2285,중화2동_012_1,1,30,3627.13
9000167,20220930,1,2355,ST-2047,가양1동_040_4,ST-2484,방화2동_003_3,1,17,3167.65
9000168,20220930,1,2355,ST-1519,화곡6동_005_1,ST-1011,신월1동_012_1,1,22,4345.22
9000169,20220930,1,2355,ST-850,상봉2동_001_1,ST-1334,상봉2동_034_1,1,11,1490.0
9000170,20220930,1,2355,ST-1184,수서동_025_1,ST-1184,수서동_025_1,1,1,0.0
9000171,20220930,1,2355,ST-204,용강동_030_1,ST-206,용강동_021_1,1,2,500.0
9000172,20220930,1,2355,ST-1690,자양4동_005_2,ST-2310,화양동_038_1,1,59,8060.0
9000173,20220930,1,2355,ST-907,문정2동_034_1,ST-1866,석촌동_002_1,1,18,3420.0
9000174,20220930,1,2355,ST-1360,도곡1동_015_1,ST-781,양재2동_001_1,1,12,2740.0
9000175,20220930,1,2355,ST-1633,길음2동_004_1,ST-3046,종암동_003_1,1,7,944.6
9000176,20220930,1,2355,ST-259,구의2동_033_1,ST-2309,구의1동_026_1,1,10,2104.89
9000177,20220930,1,2355,ST-102,자양1동_003_1,ST-2309,구의1동_026_1,1,17,609.97
9000178,20220930,1,2355,ST-2031,가양1동_039_8,ST-975,방화1동_055_2,1,4,817.57
9000179,20220930,1,2355,ST-1305,서초1동_009_1,ST-1905,서초4동_001_1,1,4,561.45
9000180,20220930,1,2355,ST-3142,영등포본동_015_4,ST-1321,영등포동_036_1,1,2,714.51
9000181,20220930,1,2355,ST-2747,둔촌2동_032_1,ST-495,성내3동_014_1,1,7,825.72
9000182,20220930,1,2355,ST-2308,화양동_041_2,ST-381,구의3동_018_2,2,23,3758.45
9000183,20220930,1,2355,ST-317,신정3동_028_1,ST-420,영등포동_027_1,1,42,6110.0
9000184,20220930,1,2355,ST-2939,위례동_001_3,ST-1854,장지동_066_1,1,17,3602.79
9000185,20220930,1,2355,ST-1416,위례동_002_1,ST-1417,위례동_011_1,1,10,1805.0
9000186,20220930,1,2355,ST-1409,잠실4동_055_1,ST-2592,오륜동_001_7,2,36,5016.33
9000187,20220930,1,2355,ST-2137,번1동_030_2,ST-1469,창2동_036_1,1,9,1475.46
9000188,20220930,1,2355,ST-691,상도1동_049_1,ST-691,상도1동_049_1,1,0,0.0
9000189,20220930,1,2355,ST-539,잠실7동_001_1,ST-1923,잠원동_020_1,2,164,20733.62
9000190,20220930,1,2355,ST-520,가양3동_011_3,ST-1531,구로1동_002_2,1,35,9400.0
9000191,20220930,1,2355,ST-1236,신도림동_062_1,ST-1219,구로1동_001_1,1,13,1900.0
9000192,20220930,1,2355,ST-1268,보라매동_002_1,ST-1270,신림동_030_1,1,4,10.0
9000193,20220930,1,2355,ST-2353,대방동_015_2,ST-68,여의동_054_1,1,9,1670.0
9000194,20220930,1,2355,ST-70,여의동_016_1,ST-63,여의동_045_1,1,5,760.0
9000195,20220930,1,2355,ST-2903,황학동_007_1,ST-369,왕십리도선동_018_1,1,28,7040.0
9000196,20220930,1,2355,ST-2952,신내1동_047_1,ST-2715,공릉1동_019_1,1,21,4678.75
9000197,20220930,1,2355,ST-2264,역촌동_073_1,ST-479,역촌동_068_1,2,6,1031.51
9000198,20220930,1,2355,ST-1694,화곡3동_003_1,ST-2538,발산1동_012_5,1,5,1221.68
9000199,20220930,1,2355,ST-2762,신정4동_052_1,ST-3104,목1동_016_2,1,71,6317.18
9000200,20220930,1,2355,ST-170,가회동_004_1,ST-1804,삼청동_001_3,1,2,760.0
9000201,20220930,1,2355,ST-1585,잠실3동_070_2,ST-1859,석촌동_003_1,1,9,1131.58
9000202,20220930,1,2355,ST-2226,삼선동_002_2,ST-947,삼선동_001_1,1,3,620.0
9000203,20220930,1,2355,ST-2117,쌍문2동_017_1,ST-2849,쌍문4동_009_1,1,23,897.35
9000204,20220930,1,2355,ST-447,마장동_033_1,ST-1095,면목4동_032_1,1,28,5876.6
9000205,20220930,1,2355,ST-1278,상계6·7동_033_1,ST-1285,중계2·3동_045_1,1,5,657.94
9000206,20220930,1,2355,ST-312,신정4동_049_1,ST-535,화곡8동_049_1,1,27,1880.0
9000207,20220930,1,2355,ST-2605,문정2동_036_1,ST-2988,위례동_001_4,1,20,2383.08
9000208,20220930,1,2355,ST-392,전농1동_052_1,ST-2501,답십리2동_031_1,1,11,1492.54
9000209,20220930,1,2355,ST-513,가양1동_049_1,ST-513,가양1동_049_1,1,0,0.0
9000210,20220930,1,2355,ST-733,신대방2동_027_3,ST-724,서원동_043_1,1,31,3320.0
9000211,20220930,1,2355,ST-2721,상계8동_001_1,ST-3119,방학1동_040_1,2,107,14043.81
9000212,20220930,1,2355,ST-794,청담동_014_1,ST-825,성북동_015_2,1,80,13680.0
9000213,20220930,1,2355,ST-479,역촌동_068_1,ST-2264,역촌동_073_1,1,3,444.78
9000214,20220930,1,2355,ST-2177,한강로동_008_1,ST-2240,이촌2동_011_2,4,119,11939.39
9000215,20220930,1,2355,ST-1441,보광동_029_1,ST-1441,보광동_029_1,2,104,39629.45
9000216,20220930,1,2355,ST-1174,압구정동_044_1,ST-825,성북동_015_2,1,78,13598.3
9000217,20220930,1,2355,ST-1441,보광동_029_1,ST-1629,전농1동_038_1,1,54,8903.26
9000218,20220930,1,2355,ST-1352,발산1동_070_1,ST-2993,발산1동_060_2,1,3,890.0
9000219,20220930,1,2355,ST-2045,가양1동_039_16,ST-2022,방화3동_028_1,2,45,4588.27
9000220,20220930,1,2355,ST-2033,가양1동_039_10,ST-2022,방화3동_028_1,1,14,2624.83
9000221,20220930,1,2355,ST-712,남현동_025_1,ST-760,방배4동_011_1,1,11,1126.08
9000222,20220930,1,2355,ST-1168,양재2동_023_1,ST-1922,양재1동_012_1,1,6,1120.0
9000223,20220930,1,2355,ST-949,방배본동_011_1,ST-935,방배4동_002_1,1,24,2110.64
9000224,20220930,1,2355,ST-2040,가양1동_040_3,ST-1062,공항동_006_1,1,17,1769.96
9000225,20220930,1,2355,ST-849,면목3·8동_050_1,ST-2843,중곡3동_002_1,1,10,2066.32
9000226,20220930,1,2355,ST-150,종로1·2·3·4가동_010_1,ST-171,이화동_011_1,1,9,1396.99
9000227,20220930,1,2355,ST-2305,자양3동_002_1,ST-99,자양3동_050_1,1,5,1440.0
9000228,20220930,1,2355,ST-2593,잠실2동_031_1,ST-1797,잠실2동_024_1,1,2,30.0
9000229,20220930,1,2355,ST-1958,오류2동_078_1,ST-2997,오류1동_040_1,1,13,1720.0
9000230,20220930,1,2355,ST-1546,조원동_004_1,ST-727,신대방1동_045_1,1,4,820.0
9000231,20220930,1,2355,ST-1912,반포2동_018_1,ST-2363,사당1동_034_1,1,17,2973.0
9000232,20220930,1,2355,ST-2633,신내1동_038_1,ST-2636,망우본동_045_1,1,8,1300.0
9000233,20220930,1,2355,ST-1793,가락1동_001_2,ST-823,일원2동_002_1,1,30,4340.0
9000234,20220930,1,2355,ST-2018,염창동_055_4,ST-1508,염창동_055_3,1,3,300.0
9000235,20220930,1,2355,ST-1111,공릉1동_067_1,ST-1335,면목2동_039_1,1,19,4006.59
9000236,20220930,1,2355,ST-2481,화곡본동_007_1,ST-426,당산2동_017_1,1,45,4197.1
9000237,20220930,1,2355,ST-669,구로3동_008_1,ST-1357,신사동_012_1,1,17,3090.21
9000238,20220930,1,2355,ST-714,은천동_051_1,ST-1259,신림동_019_1,1,5,1090.0
9000239,20220930,1,2355,ST-2996,신사동_020_1,ST-702,신림동_029_1,1,3,695.45
9000240,20220930,1,2355,ST-1381,면목본동_009_1,ST-1334,상봉2동_034_1,1,37,2900.0
9000241,20220930,1,2355,ST-438,청파동_039_1,ST-1343,원효로2동_027_1,3,53,6129.98
9000242,20220930,1,2355,ST-563,길음1동_075_2,ST-565,종암동_048_1,1,6,1574.03
9000243,20220930,1,2355,ST-825,성북동_015_2,ST-2226,삼선동_002_2,2,15,1923.2
9000244,20220930,1,2355,ST-1072,가락2동_010_1,ST-838,가락본동_025_2,1,11,1370.0
9000245,20220930,1,2355,ST-2038,등촌3동_053_2,ST-1251,가양1동_037_1,1,4,778.56
9000246,20220930,1,2355,ST-693,흑석동_059_2,ST-2352,흑석동_059_1,1,4,350.47
9000247,20220930,1,2355,ST-493,천호2동_058_1,ST-487,천호2동_056_2,1,6,920.0
9000248,20220930,1,2355,ST-2408,군자동_035_5,ST-1194,군자동_019_1,1,65,2146.2
9000249,20220930,1,2355,ST-1263,군자동_038_1,ST-2542,화양동_039_1,1,8,1440.87
9000250,20220930,1,2355,ST-243,용답동_003_1,ST-2268,장안1동_010_1,1,16,1497.32
9000251,20220930,1,2355,ST-22,신수동_026_1,ST-691,상도1동_049_1,2,130,13784.25
9000252,20220930,1,2355,ST-739,잠실6동_031_4,ST-1848,성내1동_026_1,1,19,2240.0
9000253,20220930,1,2355,ST-3142,영등포본동_015_4,ST-1972,당산2동_003_2,1,28,2792.24
9000254,20220930,1,2355,ST-2909,강일동_044_2,ST-2909,강일동_044_2,1,1,88.15
9000255,20220930,1,2355,ST-2086,상계6·7동_044_1,ST-1672,상계9동_042_1,1,15,1889.12
9000256,20220930,1,2355,ST-2487,등촌1동_024_1,ST-834,등촌3동_053_3,1,27,4380.0
9000257,20220930,1,2355,ST-2480,우장산동_062_1,ST-1689,가양1동_039_3,1,28,3746.41
9000258,20220930,1,2355,ST-2905,망원1동_041_1,ST-683,노량진1동_001_3,2,225,32850.0
9000259,20220930,1,2355,ST-460,응암3동_017_1,ST-347,북가좌2동_046_1,1,8,1385.53
9000260,20220930,1,2355,ST-1277,가산동_003_3,ST-635,독산3동_037_1,1,11,1500.0
9000261,20220930,1,2355,ST-1259,신림동_019_1,ST-1548,은천동_065_1,1,8,1160.0
9000262,20220930,1,2355,ST-1270,신림동_030_1,ST-1270,신림동_030_1,1,6,318.42
9000263,20220930,1,2355,ST-2748,성내2동_026_1,ST-502,성내1동_007_1,1,8,1020.48
9000264,20220930,1,2355,ST-331,용산2가동_011_3,ST-3102,신길1동_006_1,1,54,7937.14
9000265,20220930,1,2355,ST-419,당산1동_040_1,ST-413,당산1동_002_1,1,4,400.0
9000266,20220930,1,2355,ST-424,여의동_005_7,ST-47,여의동_001_4,1,5,755.35
9000267,20220930,1,2355,ST-420,영등포동_027_1,ST-2902,영등포본동_014_1,1,15,1940.0
9000268,20220930,1,2355,ST-2933,휘경1동_022_1,ST-1302,휘경2동_027_1,1,5,780.0
9000269,20220930,1,2355,ST-347,북가좌2동_046_1,ST-347,북가좌2동_046_1,1,49,1770.0
9000270,20220930,1,2355,ST-570,묵2동_019_1,ST-2896,공릉1동_068_1,1,8,1635.95
9000271,20220930,1,2355,ST-2411,공항동_001_1,ST-2026,가양1동_003_1,1,17,2589.54
9000272,20220930,1,2355,ST-904,문정2동_033_1,ST-2598,장지동_054_2,1,12,1480.0
9000273,20220930,1,2355,ST-2270,휘경2동_009_1,ST-1671,휘경1동_018_1,1,6,920.0
9000274,20220930,1,2355,ST-1724,송중동_032_1,ST-376,마장동_032_1,1,64,28750.0
9000275,20220930,1,2355,ST-2501,답십리2동_031_1,ST-2501,답십리2동_031_1,1,52,9949.13
9000276,20220930,1,2355,ST-1723,월곡1동_019_1,ST-2094,방학1동_015_1,2,94,15723.25
9000277,20220930,1,2355,ST-2292,묵1동_001_1,ST-2292,묵1동_001_1,1,6,797.1
9000278,20220930,1,2355,ST-1083,풍납1동_022_1,ST-1684,풍납1동_012_1,1,18,1910.0
9000279,20220930,1,2355,ST-3051,충현동_034_1,ST-3130,대흥동_020_4,1,17,3718.63
9000280,20220930,1,2355,ST-2056,발산1동_037_1,ST-2031,가양1동_039_8,1,12,1570.0
9000281,20220930,1,2355,ST-1282,중계1동_059_1,ST-1128,하계1동_008_1,1,2,0.0
9000282,20220930,1,2355,ST-2168,서교동_001_1,ST-2208,남가좌1동_018_1,1,11,2050.0
9000283,20220930,1,2355,ST-2571,잠실6동_024_1,ST-2991,잠실3동_023_1,1,99,677.8
9000284,20220930,1,2355,ST-223,남가좌1동_012_1,ST-2216,남가좌1동_020_1,1,47,6560.0
9000285,20220930,1,2355,ST-2459,번1동_005_1,ST-2137,번1동_030_2,1,3,572.6
9000286,20220930,1,2355,ST-2033,가양1동_039_10,ST-1352,발산1동_070_1,1,11,1440.7
9000287,20220930,1,2355,ST-2733,암사1동_069_1,ST-3098,천호2동_028_1,1,37,7620.0
9000288,20220930,1,2355,ST-996,신월2동_002_1,ST-318,신월2동_038_1,1,10,1104.39
9000289,20220930,1,2355,ST-2704,월계2동_046_1,ST-2705,월계2동_048_2,1,15,1356.05
9000290,20220930,1,2355,ST-1866,석촌동_002_1,ST-1705,잠실2동_066_1,1,17,2444.41
9000291,20220930,1,2355,ST-2764,신정6동_001_1,ST-1731,목1동_003_1,3,45,2162.62
9000292,20220930,1,2355,ST-1498,신정3동_059_1,ST-432,신월7동_030_1,1,1,550.0
9000293,20220930,1,2355,ST-1420,성내3동_030_1,ST-1836,천호3동_006_1,1,17,2720.0
9000294,20220930,1,2355,ST-1690,자양4동_005_2,ST-1841,성내2동_008_1,1,51,9370.0
9000295,20220930,1,2355,ST-2014,신정7동_003_2,ST-1499,신정7동_001_1,1,6,1030.0
9000296,20220930,1,2355,ST-496,성내2동_017_1,ST-503,성내1동_003_1,1,7,1740.0
9000297,20220930,1,2355,ST-2407,구의3동_008_2,ST-1722,구의2동_042_1,1,2,0.0
9000298,20220930,1,2355,ST-2642,독산1동_007_1,ST-625,가산동_016_1,1,7,1104.11
9000299,20220930,1,2355,ST-1264,청룡동_013_1,ST-702,신림동_029_1,1,118,24913.32
9000300,20220930,1,2355,ST-2157,연남동_003_1,ST-2979,연남동_034_1,1,78,6590.0
9000301,20220930,1,2355,ST-3041,대림3동_004_1,ST-3040,대림3동_024_1,1,2,160.0
9000302,20220930,1,2355,ST-1191,자양4동_025_1,ST-2865,자양2동_045_2,1,8,1340.0
9000303,20220930,1,2355,ST-198,신당동_002_1,ST-1440,황학동_011_1,2,8,1651.41
9000304,20220930,1,2355,ST-1000,신정7동_003_1,ST-2398,신정6동_049_1,1,9,928.96
9000305,20220930,1,2355,ST-2110,창1동_035_2,ST-3092,창2동_009_3,1,82,6290.0
9000306,20220930,1,2355,ST-112,성수2가3동_016_1,ST-262,장안2동_053_1,2,72,11070.0
9000307,20220930,1,2355,ST-1070,송파1동_010_1,ST-1705,잠실2동_066_1,1,16,2462.08
9000308,20220930,1,2355,ST-752,방배1동_007_1,ST-777,신사동_001_1,2,109,15750.24
9000309,20220930,1,2355,ST-2308,화양동_041_2,ST-99,자양3동_050_1,1,5,974.31
9000310,20220930,1,2355,ST-984,자양1동_008_1,ST-2308,화양동_041_2,1,7,1357.42
9000311,20220930,1,2355,ST-974,화양동_041_5,ST-974,화양동_041_5,1,0,0.0
9000312,20220930,1,2355,ST-516,등촌1동_012_1,ST-834,등촌3동_053_3,1,80,10323.17
9000313,20220930,1,2355,ST-1349,공릉2동_039_1,ST-1474,공릉1동_063_1,1,8,1443.07
9000314,20220930,1,2355,ST-2018,염창동_055_4,ST-517,염창동_009_1,1,7,944.7
9000315,20220930,1,2355,ST-426,당산2동_017_1,ST-517,염창동_009_1,1,33,4500.0
9000316,20220930,1,2355,ST-78,상암동_002_2,ST-2535,상암동_001_1,1,2,320.0
9000317,20220930,1,2355,ST-1517,발산1동_012_1,ST-2058,발산1동_033_1,2,13,1678.64
9000318,20220930,1,2355,ST-447,마장동_033_1,ST-376,마장동_032_1,2,132,15440.0
9000319,20220930,1,2355,ST-504,강일동_002_6,ST-504,강일동_002_6,1,13,1700.0
9000320,20220930,1,2355,ST-278,양평2동_039_1,ST-668,구로3동_037_1,1,60,11760.0
9000321,20220930,1,2355,ST-1361,양재2동_020_1,ST-1922,양재1동_012_1,1,14,2240.0
9000322,20220930,1,2355,ST-1298,장안1동_065_1,ST-395,장안2동_022_2,1,15,2000.0
9000323,20220930,1,2355,ST-3104,목1동_016_2,ST-2764,신정6동_001_1,1,7,800.91
9000324,20220930,1,2355,ST-747,반포2동_037_1,ST-924,사당1동_002_1,1,27,3405.61
9000325,20220930,1,2355,ST-1432,종로1·2·3·4가동_015_1,ST-173,혜화동_039_1,1,13,1923.74
9000326,20220930,1,2355,ST-2451,한강로동_017_1,ST-334,한강로동_017_2,1,1,270.0
9000327,20220930,1,2355,ST-2617,은천동_066_1,ST-669,구로3동_008_1,1,26,4935.23
9000328,20220930,1,2355,ST-1715,가양1동_039_7,ST-2965,공항동_034_2,1,12,1699.96
9000329,20220930,1,2355,ST-2905,망원1동_041_1,ST-481,구산동_062_1,1,42,7674.33
9000330,20220930,1,2355,ST-2054,화곡1동_062_1,ST-534,화곡4동_038_1,1,106,4561.5
9000331,20220930,1,2355,ST-2798,가락본동_024_1,ST-1046,성내2동_015_1,1,94,12318.76
9000332,20220930,1,2355,ST-334,한강로동_017_2,ST-214,공덕동_011_1,1,53,6370.0
9000333,20220930,1,2355,ST-1228,개봉1동_062_1,ST-1228,개봉1동_062_1,1,0,88.32
9000334,20220930,1,2355,ST-1657,위례동_002_2,ST-2607,거여2동_027_1,1,22,2700.0
9000335,20220930,1,2355,ST-1839,성내3동_034_1,ST-1839,성내3동_034_1,1,36,5000.0
9000336,20220930,1,2355,ST-1339,이촌1동_003_1,ST-2177,한강로동_008_1,1,7,1220.0
9000337,20220930,1,2355,ST-3095,증산동_028_1,ST-1331,응암3동_002_1,3,38,5510.8
9000338,20220930,1,2355,ST-499,명일1동_010_5,ST-1835,명일2동_016_1,1,5,641.76
9000339,20220930,1,2355,ST-2935,안암동_024_1,ST-1631,제기동_038_1,1,27,5160.0
9000340,20220930,1,2355,ST-28,대흥동_007_2,ST-25,홍제3동_003_1,1,47,7012.63
9000341,20220930,1,2355,ST-2464,구로5동_002_2,ST-1652,대림2동_008_1,1,16,1990.0
9000342,20220930,1,2355,ST-4,서교동_017_1,ST-3095,증산동_028_1,2,66,10320.17
9000343,20220930,1,2355,ST-1468,창5동_045_1,ST-2799,도봉2동_002_1,1,24,3840.0
9000344,20220930,1,2355,ST-2137,번1동_030_2,ST-2125,번1동_030_1,1,67,2260.0
9000345,20220930,1,2355,ST-64,여의동_004_2,ST-73,여의동_009_1,2,81,16127.74
9000346,20220930,1,2355,ST-99,자양3동_050_1,ST-107,성수1가1동_014_1,1,18,2850.0
9000347,20220930,1,2355,ST-211,망원2동_006_1,ST-211,망원2동_006_1,2,169,22992.05
9000348,20220930,1,2355,ST-546,잠실본동_005_1,ST-1728,잠실본동_030_1,1,2,300.0
9000349,20220930,1,2355,ST-1006,목5동_054_1,ST-1006,목5동_054_1,1,137,4455.1
9000350,20220930,1,2355,ST-2289,묵2동_018_1,ST-912,면목본동_021_1,1,27,2860.0
9000351,20220930,1,2355,ST-1137,창5동_001_1,ST-658,창5동_004_1,1,4,910.0
9000352,20220930,1,2355,ST-1649,영등포동_012_1,ST-1218,신도림동_001_1,1,20,3250.03
9000353,20220930,1,2355,ST-2056,발산1동_037_1,ST-2411,공항동_001_1,1,9,1460.0
9000354,20220930,1,2355,ST-445,군자동_030_1,ST-2594,잠실4동_001_1,1,31,4610.0
9000355,20220930,1,2355,ST-1671,휘경1동_018_1,ST-401,이문1동_056_1,1,34,2222.39
9000356,20220930,1,2355,ST-1475,중계본동_032_2,ST-1287,하계1동_002_1,1,13,1242.17
9000357,20220930,1,2355,ST-1519,화곡6동_005_1,ST-1249,등촌3동_042_1,1,8,930.0
9000358,20220930,1,2355,ST-1118,중계2·3동_080_1,ST-606,하계2동_020_1,1,18,2059.03
9000359,20220930,1,2355,ST-2896,공릉1동_068_1,ST-2081,하계1동_047_1,1,11,1500.0
9000360,20220930,1,2355,ST-1474,공릉1동_063_1,ST-1125,상계6·7동_001_1,1,52,11217.38
9000361,20220930,1,2355,ST-724,서원동_043_1,ST-724,서원동_043_1,1,32,4134.19
9000362,20220930,1,2355,ST-905,문정2동_033_2,ST-838,가락본동_025_2,1,12,1697.28
9000363,20220930,1,2355,ST-435,한강로동_005_1,ST-439,남영동_004_1,1,13,2740.0
9000364,20220930,1,2355,ST-277,양평2동_004_1,ST-278,양평2동_039_1,1,5,1000.0
9000365,20220930,1,2355,ST-1493,홍은2동_003_1,ST-1493,홍은2동_003_1,1,0,0.0
9000366,20220930,0,2355,ST-1184,수서동_025_1,ST-1184,수서동_025_1,1,1,0.0
9000367,20220930,0,2355,ST-564,종암동_037_1,ST-3046,종암동_003_1,1,1,260.0
9000368,20220930,1,2355,ST-2676,세곡동_007_1,ST-1892,세곡동_048_1,1,3,480.0
9000369,20220930,1,2355,ST-1546,조원동_004_1,ST-2653,신대방1동_039_1,1,6,960.0
9000370,20220930,1,2355,ST-2491,가양1동_002_4,ST-2031,가양1동_039_8,2,155,26263.21
9000371,20220930,1,2355,ST-455,응암1동_032_1,ST-473,불광1동_072_2,1,16,1896.67
9000372,20220930,1,2355,ST-759,방배4동_022_1,ST-1152,사당3동_024_1,1,9,1398.49
9000373,20220930,1,2355,ST-923,사당2동_052_1,ST-732,사당3동_029_1,1,6,814.44
9000374,20220930,1,2355,ST-975,방화1동_055_2,ST-1351,등촌3동_054_1,1,11,3350.0
9000375,20220930,1,2355,ST-345,북가좌1동_025_1,ST-227,남가좌2동_023_1,1,18,2621.46
9000376,20220930,1,2355,ST-1357,신사동_012_1,ST-713,서림동_003_2,1,22,2610.0
9000377,20220930,1,2355,ST-30,신촌동_023_1,ST-3062,연희동_047_2,1,10,1660.11
9000378,20220930,1,2355,ST-2094,방학1동_015_1,ST-2549,창4동_001_5,1,6,950.0
9000379,20220930,1,2355,ST-615,창5동_043_1,ST-2799,도봉2동_002_1,1,21,1235.75
9000380,20220930,1,2355,ST-755,방배3동_012_1,ST-2842,청룡동_002_1,1,26,4330.31
9000381,20220930,1,2355,ST-455,응암1동_032_1,ST-454,대조동_024_1,1,40,2383.2
9000382,20220930,1,2355,ST-1735,서초1동_030_1,ST-1404,서초1동_018_1,1,7,840.0
9000383,20220930,1,2355,ST-1375,상봉2동_002_3,ST-849,면목3·8동_050_1,1,14,2270.0
9000384,20220930,1,2355,ST-1062,공항동_006_1,ST-1062,공항동_006_1,1,11,210.0
9000385,20220930,1,2355,ST-1719,오륜동_001_4,ST-1086,오륜동_001_1,1,6,770.0
9000386,20220930,1,2355,ST-417,문래동_024_1,ST-1699,문래동_045_1,1,3,1370.0
9000387,20220930,1,2355,ST-2592,오륜동_001_7,ST-2592,오륜동_001_7,1,1,0.0
9000388,20220930,0,2355,ST-739,잠실6동_031_4,ST-739,잠실6동_031_4,1,0,0.0
9000389,20220930,0,2355,ST-1493,홍은2동_003_1,ST-1493,홍은2동_003_1,1,0,0.0
9000390,20220930,0,2355,ST-2592,오륜동_001_7,ST-2592,오륜동_001_7,1,1,0.0
9000391,20220930,0,2355,ST-1298,장안1동_065_1,ST-1298,장안1동_065_1,1,0,0.0
9000392,20220930,0,2355,ST-2407,구의3동_008_2,ST-1722,구의2동_042_1,1,2,0.0
9000393,20220930,0,2355,ST-2865,자양2동_045_2,ST-258,자양2동_046_1,1,2,364.3
9000394,20220930,1,2355,ST-1968,영등포동_006_1,ST-53,여의동_034_2,1,13,438.9
9000395,20220930,1,2355,ST-295,당산2동_051_1,ST-1701,당산2동_065_1,1,58,667.13
9000396,20220930,1,2355,ST-1419,장지동_003_1,ST-1075,문정1동_029_1,1,4,670.0
9000397,20220930,1,2355,ST-1590,잠실3동_070_3,ST-1590,잠실3동_070_3,1,36,970.29
9000398,20220930,1,2355,ST-1121,상계2동_020_1,ST-2699,상계2동_020_2,2,57,5633.34
9000399,20220930,1,2355,ST-2137,번1동_030_2,ST-2137,번1동_030_2,1,13,1221.68
9000400,20220930,1,2355,ST-2506,휘경2동_020_1,ST-912,면목본동_021_1,1,14,3910.0
9000401,20220930,1,2355,ST-528,등촌2동_002_1,ST-534,화곡4동_038_1,1,17,2336.58
9000402,20220930,1,2355,ST-2417,양재2동_027_1,ST-1406,서초2동_033_1,1,11,2590.0
9000403,20220930,1,2355,ST-2592,오륜동_001_7,ST-492,암사2동_004_1,1,22,3373.91
9000404,20220930,1,2355,ST-2618,낙성대동_017_1,ST-2379,서원동_010_1,1,10,1994.13
9000405,20220930,1,2355,ST-655,종암동_029_1,ST-655,종암동_029_1,2,82,684.34
9000406,20220930,1,2355,ST-2803,대방동_015_3,ST-685,대방동_008_1,1,29,5343.14
9000407,20220930,1,2355,ST-2994,등촌1동_016_1,ST-516,등촌1동_012_1,1,6,790.92
9000408,20220930,1,2355,ST-2601,잠실4동_022_1,ST-1409,잠실4동_055_1,1,4,470.0
9000409,20220930,1,2355,ST-493,천호2동_058_1,ST-2749,길동_085_1,1,9,1646.78
9000410,20220930,1,2355,ST-310,목4동_047_1,ST-663,신도림동_008_1,1,18,3390.0
9000411,20220930,1,2355,ST-1493,홍은2동_003_1,ST-2785,응암1동_013_1,1,4,881.0
9000412,20220930,1,2355,ST-2493,방화3동_034_1,ST-426,당산2동_017_1,1,57,9916.36
9000413,20220930,1,2355,ST-1325,남영동_001_1,ST-2173,한강로동_004_1,1,5,931.23
9000414,20220930,1,2355,ST-480,구산동_056_1,ST-464,역촌동_022_1,1,4,528.05
9000415,20220930,1,2355,ST-1963,구로2동_011_1,ST-1961,고척1동_004_1,1,5,1052.57
9000416,20220930,1,2355,ST-17,홍은2동_001_1,ST-3033,홍은2동_046_1,2,17,4240.0
9000417,20220930,1,2355,ST-99,자양3동_050_1,ST-1603,능동_002_2,1,11,1980.0
9000418,20220930,1,2355,ST-222,북가좌1동_028_1,ST-18,서교동_002_1,1,16,3250.0
9000419,20220930,1,2355,ST-2149,상암동_025_2,ST-2149,상암동_025_2,1,20,2129.1
9000420,20220930,1,2355,ST-2298,면목4동_041_1,ST-396,휘경2동_032_2,1,14,1606.7
9000421,20220930,1,2355,ST-1709,가양1동_039_5,ST-1065,가양1동_040_1,1,6,900.0
9000422,20220930,1,2355,ST-1678,삼성동_003_1,ST-724,서원동_043_1,1,7,1190.0
9000423,20220930,1,2355,ST-2273,제기동_026_1,ST-408,용신동_039_2,1,69,1680.0
9000424,20220930,1,2355,ST-1119,상계1동_030_1,ST-3116,상계6·7동_025_1,1,16,2270.0
9000425,20220930,1,2355,ST-1864,잠실본동_019_1,ST-548,잠실2동_035_1,1,6,570.0
9000426,20220930,1,2355,ST-892,방이1동_017_1,ST-1420,성내3동_030_1,1,11,2040.0
9000427,20220930,1,2355,ST-2223,석관동_001_1,ST-2075,월계3동_041_1,1,1,0.0
9000428,20220930,1,2355,ST-1999,목2동_038_1,ST-2478,염창동_012_1,1,7,2210.0
9000429,20220930,1,2355,ST-2273,제기동_026_1,ST-3046,종암동_003_1,1,10,2239.68
9000430,20220930,1,2355,ST-3142,영등포본동_015_4,ST-294,당산2동_003_3,1,13,1930.04
9000431,20220930,1,2355,ST-203,공덕동_068_1,ST-3020,아현동_007_1,1,5,967.81
9000432,20220930,1,2355,ST-118,사직동_004_1,ST-1200,삼선동_002_1,1,25,4615.1
9000433,20220930,1,2355,ST-1819,혜화동_023_1,ST-842,삼선동_005_1,1,13,1420.0
9000434,20220930,1,2355,ST-2815,영등포동_024_2,ST-288,영등포동_026_1,1,8,1280.0
9000435,20220930,1,2355,ST-2486,공항동_006_2,ST-512,방화1동_065_2,2,38,2965.07
9000436,20220930,1,2355,ST-1065,가양1동_040_1,ST-1400,목3동_039_1,1,35,2963.71
9000437,20220930,1,2355,ST-1996,목1동_049_1,ST-310,목4동_047_1,1,6,923.2
9000438,20220930,1,2355,ST-1061,천호1동_039_1,ST-3098,천호2동_028_1,2,87,11002.32
9000439,20220930,1,2355,ST-460,응암3동_017_1,ST-2257,응암3동_022_1,1,54,1989.16
9000440,20220930,1,2355,ST-1690,자양4동_005_2,ST-99,자양3동_050_1,3,36,4519.19
9000441,20220930,1,2355,ST-99,자양3동_050_1,ST-376,마장동_032_1,2,74,12607.47
9000442,20220930,1,2355,ST-1298,장안1동_065_1,ST-1298,장안1동_065_1,1,0,0.0
9000443,20220930,1,2355,ST-2005,신정1동_003_1,ST-2007,신정2동_021_2,1,13,2700.0
9000444,20220930,1,2355,ST-2905,망원1동_041_1,ST-2264,역촌동_073_1,1,32,5884.77
9000445,20220930,1,2355,ST-2332,금호4가동_025_1,ST-241,사근동_001_1,1,55,2390.0
9000446,20220930,1,2355,ST-702,신림동_029_1,ST-1220,구로5동_045_1,2,55,8490.0
9000447,20220930,1,2355,ST-875,오류2동_039_1,ST-876,오류2동_012_3,1,34,5860.0
9000448,20220930,1,2355,ST-1709,가양1동_039_5,ST-1352,발산1동_070_1,2,19,1732.29
9000449,20220930,1,2355,ST-379,중곡3동_002_2,ST-558,묵2동_022_1,1,26,5787.55
9000450,20220930,1,2355,ST-590,면목4동_008_1,ST-2284,면목4동_014_1,1,97,3540.0
9000451,20220930,1,2355,ST-1285,중계2·3동_045_1,ST-2726,창4동_004_1,1,56,2620.0
9000452,20220930,1,2355,ST-402,회기동_011_1,ST-175,숭인1동_010_1,1,19,1194.67
9000453,20220930,1,2355,ST-2574,풍납2동_049_4,ST-2748,성내2동_026_1,1,21,4030.0
9000454,20220930,1,2355,ST-1909,반포3동_035_2,ST-2414,잠원동_003_1,4,211,17660.95
9000455,20220930,1,2355,ST-2905,망원1동_041_1,ST-82,성산2동_041_3,1,45,4940.0
9000456,20220930,1,2355,ST-462,신사2동_025_1,ST-2020,등촌1동_003_1,1,40,8970.0
9000457,20220930,1,2355,ST-547,잠실2동_013_1,ST-953,삼성1동_023_1,1,25,3660.06
9000458,20220930,1,2355,ST-2740,성내1동_008_1,ST-1041,성내1동_033_1,1,7,750.0
9000459,20220930,1,2355,ST-1915,방배본동_026_1,ST-1920,반포2동_038_1,1,12,1960.0
9000460,20220930,1,2355,ST-1874,오륜동_041_1,ST-1419,장지동_003_1,1,26,3511.31
9000461,20220930,1,2355,ST-456,갈현2동_038_1,ST-454,대조동_024_1,1,3,470.0
9000462,20220930,1,2355,ST-1273,구로5동_031_1,ST-2816,대림3동_018_1,1,10,1820.0
9000463,20220930,1,2355,ST-1681,잠실6동_031_3,ST-2309,구의1동_026_1,1,25,3174.47
9000464,20220930,1,2355,ST-3012,구의3동_026_1,ST-254,구의3동_028_3,2,190,26172.87
9000465,20220930,1,2355,ST-1321,영등포동_036_1,ST-3040,대림3동_024_1,1,21,3020.0
9000466,20220930,1,2355,ST-753,방배2동_039_1,ST-759,방배4동_022_1,1,6,1192.39
9000467,20220930,1,2355,ST-895,거여1동_018_1,ST-1417,위례동_011_1,1,14,2412.15
9000468,20220930,1,2355,ST-3006,망우본동_017_1,ST-2568,강일동_001_3,1,76,12040.0
9000469,20220930,1,2355,ST-277,양평2동_004_1,ST-1251,가양1동_037_1,1,49,6660.2
9000470,20220930,1,2355,ST-1185,수서동_025_2,ST-2868,세곡동_008_1,1,15,1593.7
9000471,20220930,1,2355,ST-1093,중화2동_035_1,ST-1375,상봉2동_002_3,1,28,1894.25
9000472,20220930,1,2355,ST-1335,면목2동_039_1,ST-1334,상봉2동_034_1,1,4,907.92
9000473,20220930,1,2355,ST-842,삼선동_005_1,ST-1818,혜화동_037_1,2,10,1490.06
9000474,20220930,1,2355,ST-2726,창4동_004_1,ST-2063,상계6·7동_048_1,1,10,996.5
9000475,20220930,1,2355,ST-555,남가좌2동_002_2,ST-5,망원1동_024_1,1,24,4274.64
9000476,20220930,1,2355,ST-157,이화동_016_1,ST-148,명동_003_4,1,18,2553.91
9000477,20220930,1,2355,ST-2905,망원1동_041_1,ST-212,성산2동_022_1,2,64,12830.0
9000478,20220930,1,2355,ST-1063,가양1동_039_1,ST-1689,가양1동_039_3,1,8,315.94
9000479,20220930,1,2355,ST-106,성수2가1동_001_1,ST-2305,자양3동_002_1,1,11,2333.04
9000480,20220930,1,2355,ST-1470,창4동_040_1,ST-2549,창4동_001_5,1,11,1770.0
9000481,20220930,1,2355,ST-2457,둔촌2동_040_1,ST-1420,성내3동_030_1,1,7,859.16
9000482,20220930,1,2355,ST-1996,목1동_049_1,ST-2761,신정4동_015_1,1,5,800.0
9000483,20220930,1,2355,ST-919,고척1동_006_1,ST-1241,구로1동_005_1,1,9,1302.16
9000484,20220930,1,2355,ST-563,길음1동_075_2,ST-1633,길음2동_004_1,1,63,860.0
9000485,20220930,1,2355,ST-1208,돈암2동_002_1,ST-2233,돈암1동_018_1,1,7,1049.51
9000486,20220930,1,2355,ST-2029,우장산동_040_1,ST-531,등촌2동_022_1,1,56,3620.0
9000487,20220930,1,2355,ST-422,당산2동_004_1,ST-1539,양평2동_014_1,1,3,720.0
9000488,20220930,1,2355,ST-994,목1동_003_4,ST-312,신정4동_049_1,1,10,1240.0
9000489,20220930,1,2355,ST-1419,장지동_003_1,ST-901,문정2동_029_10,1,14,2178.47
9000490,20220930,1,2355,ST-1098,면목본동_003_1,ST-912,면목본동_021_1,1,21,1830.0
9000491,20220930,1,2355,ST-376,마장동_032_1,ST-376,마장동_032_1,1,89,19699.49
9000492,20220930,1,2355,ST-475,불광1동_014_1,ST-1481,진관동_038_3,1,13,2494.94
9000493,20220930,1,2355,ST-398,답십리1동_041_1,ST-410,장안1동_041_1,1,16,2722.98
9000494,20220930,1,2355,ST-1782,광희동_005_1,ST-1298,장안1동_065_1,1,45,6140.0
9000495,20220930,1,2355,ST-112,성수2가3동_016_1,ST-112,성수2가3동_016_1,1,0,0.0
9000496,20220930,1,2355,ST-2045,가양1동_039_16,ST-2036,가양1동_039_12,1,4,695.93
9000497,20220930,1,2355,ST-2420,사근동_007_2,ST-2420,사근동_007_2,1,62,13389.76
9000498,20220930,1,2355,ST-2113,방학3동_007_1,ST-2549,창4동_001_5,1,10,2068.99
9000499,20220930,1,2355,ST-1474,공릉1동_063_1,ST-2081,하계1동_047_1,1,8,2060.0
9000500,20220930,1,2355,ST-1270,신림동_030_1,ST-2371,중앙동_017_1,1,19,2543.44
9000501,20220930,1,2355,ST-398,답십리1동_041_1,ST-270,답십리1동_008_1,1,5,657.19
9000502,20220930,1,2355,ST-1321,영등포동_036_1,ST-291,영등포본동_026_1,1,5,967.87
9000503,20220930,1,2355,ST-2744,강일동_001_5,ST-504,강일동_002_6,1,7,998.47
9000504,20220930,1,2355,ST-2635,묵1동_003_1,ST-2076,공릉1동_052_1,1,20,1962.25
9000505,20220930,1,2355,ST-2164,상암동_041_1,ST-1397,성산2동_059_1,1,12,1851.16
9000506,20220930,1,2355,ST-2820,문래동_004_1,ST-1505,목1동_006_2,1,10,1863.49
9000507,20220930,1,2355,ST-1065,가양1동_040_1,ST-517,염창동_009_1,1,30,3420.0
9000508,20220930,1,2355,ST-1285,중계2·3동_045_1,ST-2076,공릉1동_052_1,1,24,3360.0
9000509,20220930,1,2355,ST-2188,한남동_007_1,ST-933,잠실본동_035_1,1,77,12850.0
9000510,20220930,1,2355,ST-130,삼청동_001_1,ST-1325,남영동_001_1,1,26,4604.61
9000511,20220930,1,2355,ST-1352,발산1동_070_1,ST-2858,공항동_001_6,1,7,1179.15
9000512,20220930,1,2355,ST-2872,행운동_046_1,ST-2380,청룡동_006_1,1,14,2140.0
9000513,20220930,1,2355,ST-759,방배4동_022_1,ST-753,방배2동_039_1,1,17,1027.15
9000514,20220930,1,2355,ST-2292,묵1동_001_1,ST-2076,공릉1동_052_1,1,14,1413.37
9000515,20220930,1,2355,ST-823,일원2동_002_1,ST-2593,잠실2동_031_1,1,20,4920.0
9000516,20220930,1,2355,ST-1866,석촌동_002_1,ST-903,문정2동_029_12,1,17,2730.0
9000517,20220930,1,2355,ST-948,미아동_010_4,ST-1423,수유1동_027_1,1,9,1330.0
9000518,20220930,1,2355,ST-2896,공릉1동_068_1,ST-1740,공릉2동_021_1,1,10,876.4
9000519,20220930,1,2355,ST-735,공릉1동_012_1,ST-2081,하계1동_047_1,1,6,1920.0
9000520,20220930,1,2355,ST-312,신정4동_049_1,ST-1218,신도림동_001_1,1,25,3046.3
9000521,20220930,1,2355,ST-1298,장안1동_065_1,ST-2268,장안1동_010_1,2,9,1641.28
9000522,20220930,1,2355,ST-1543,신대방2동_027_2,ST-2826,신대방1동_014_1,1,7,1210.0
9000523,20220930,1,2355,ST-1857,방이1동_005_2,ST-2757,가락본동_019_1,1,6,1001.84
9000524,20220930,1,2355,ST-1065,가양1동_040_1,ST-1067,가양2동_001_1,1,14,1971.16
9000525,20220930,1,2355,ST-2626,광희동_002_2,ST-185,소공동_005_4,2,77,11240.0
9000526,20220930,1,2355,ST-676,고척2동_035_1,ST-920,개봉1동_051_3,1,5,1125.87
9000527,20220930,1,2355,ST-1876,송파2동_001_1,ST-737,가락본동_025_1,1,18,938.08
9000528,20220930,1,2355,ST-2222,월곡2동_032_1,ST-578,석관동_001_2,1,12,2590.0
9000529,20220930,1,2355,ST-2337,왕십리도선동_028_3,ST-2337,왕십리도선동_028_3,1,3,83.27
9000530,20220930,1,2355,ST-739,잠실6동_031_4,ST-739,잠실6동_031_4,1,0,0.0
9000531,20220930,1,2355,ST-2905,망원1동_041_1,ST-1036,역촌동_001_1,1,26,6959.47
9000532,20220930,1,2355,ST-1475,중계본동_032_2,ST-867,중계1동_036_3,1,5,940.0
9000533,20220930,1,2355,ST-2865,자양2동_045_2,ST-258,자양2동_046_1,1,2,364.3
9000534,20220930,1,2355,ST-90,상암동_025_9,ST-92,상암동_055_1,1,5,741.77
9000535,20220930,1,2355,ST-517,염창동_009_1,ST-1727,방화1동_030_1,2,72,10749.38
9000536,20220930,1,2355,ST-673,구로5동_005_1,ST-673,구로5동_005_1,1,4,0.0
9000537,20220930,1,2355,ST-2045,가양1동_039_16,ST-1727,방화1동_030_1,1,9,990.33
9000538,20220930,1,2355,ST-1689,가양1동_039_3,ST-1065,가양1동_040_1,1,3,1050.0
9000539,20220930,1,2355,ST-32,서교동_028_1,ST-32,서교동_028_1,1,0,0.0
9000540,20220930,1,2355,ST-8,합정동_028_1,ST-277,양평2동_004_1,1,23,3398.21
9000541,20220930,1,2355,ST-2270,휘경2동_009_1,ST-2270,휘경2동_009_1,1,110,9780.0
9000542,20220930,1,2355,ST-564,종암동_037_1,ST-3046,종암동_003_1,1,1,260.0
9000543,20220930,1,2355,ST-2283,상봉2동_033_1,ST-1332,상봉2동_002_2,1,5,887.3
9000544,20220930,1,2355,ST-95,상암동_022_1,ST-2164,상암동_041_1,1,9,1420.0
9000545,20220930,1,2355,ST-520,가양3동_011_3,ST-1509,가양3동_015_1,1,2,400.0
9000546,20220930,1,2355,ST-760,방배4동_011_1,ST-729,사당1동_009_1,1,4,510.0
9000547,20220930,1,2355,ST-2305,자양3동_002_1,ST-2865,자양2동_045_2,1,23,710.0
9000548,20220930,1,2355,ST-739,잠실6동_031_4,ST-908,방이1동_011_1,1,10,1720.0
9000549,20220930,1,2355,ST-2117,쌍문2동_017_1,ST-2549,창4동_001_5,1,11,1802.83
9000550,20220930,1,2355,ST-384,능동_002_5,ST-99,자양3동_050_1,1,85,14293.78
9000551,20220930,1,2355,ST-1347,안암동_011_1,ST-1460,동선동_020_1,1,20,2196.94
9000552,20220930,1,2355,ST-2398,신정6동_049_1,ST-1264,청룡동_013_1,1,49,9520.0
9000553,20220930,1,2355,ST-447,마장동_033_1,ST-1198,왕십리도선동_028_2,1,12,2024.14
9000554,20220930,1,2355,ST-315,신정6동_014_1,ST-2016,목1동_044_1,1,2,0.0
9000555,20220930,1,2355,ST-312,신정4동_049_1,ST-1996,목1동_049_1,1,2,222.39
9000556,20220930,1,2355,ST-2830,구의2동_029_1,ST-1263,군자동_038_1,1,12,1819.16
9000557,20220930,1,2355,ST-304,도림동_035_1,ST-304,도림동_035_1,1,4,111.63
9000558,20220930,1,2355,ST-749,반포3동_013_1,ST-776,잠원동_005_1,1,6,426.07
9000559,20220930,1,2355,ST-1326,한강로동_006_1,ST-1545,노량진1동_001_1,1,23,2343.75
9000560,20220930,1,2355,ST-753,방배2동_039_1,ST-1152,사당3동_024_1,1,9,1736.84
9000561,20220930,1,2355,ST-97,화양동_040_1,ST-2317,중곡2동_014_1,1,8,1786.46
9000562,20220930,1,2355,ST-387,광장동_048_1,ST-2732,천호2동_057_1,1,15,2116.59
9000563,20220930,1,2355,ST-1905,서초4동_001_1,ST-1905,서초4동_001_1,1,0,0.0
9000564,20220930,1,2355,ST-1839,성내3동_034_1,ST-2738,둔촌2동_002_1,1,95,12852.88
9000565,20220930,1,2355,ST-1938,가산동_003_4,ST-1142,가산동_007_2,1,9,960.0
9000566,20220930,1,2355,ST-2844,목5동_051_1,ST-1997,목1동_015_1,1,12,1585.66
9000567,20220930,1,2355,ST-3068,염창동_064_1,ST-997,목4동_021_1,1,18,3250.0
9000568,20220930,1,2355,ST-86,상암동_025_8,ST-2149,상암동_025_2,1,12,1930.0
9000569,20220930,1,2355,ST-2125,번1동_030_1,ST-1726,쌍문1동_040_1,1,10,1574.09
9000570,20220930,1,2355,ST-1065,가양1동_040_1,ST-834,등촌3동_053_3,1,4,630.51
9000571,20220930,1,2355,ST-2000,목3동_001_1,ST-530,등촌2동_018_1,1,4,720.0
9000572,20220930,1,2355,ST-668,구로3동_037_1,ST-2995,청룡동_028_1,1,28,5000.44
9000573,20220930,1,2355,ST-1521,구로3동_002_1,ST-1966,구로2동_042_1,1,29,2720.0
9000574,20220930,1,2355,ST-2990,연희동_023_1,ST-18,서교동_002_1,1,13,2359.19
9000575,20220930,1,2355,ST-1729,삼전동_046_1,ST-2918,삼전동_046_2,1,1,296.76
9000576,20220930,1,2355,ST-1263,군자동_038_1,ST-262,장안2동_053_1,1,17,2580.0
9000577,20220930,1,2355,ST-566,중화2동_038_2,ST-1097,면목2동_028_1,1,6,310.6
9000578,20220930,1,2355,ST-91,상암동_052_2,ST-1693,도화동_035_1,1,60,3860.0
9000579,20220930,1,2355,ST-2373,은천동_065_2,ST-702,신림동_029_1,1,18,1747.51
9000580,20220930,1,2355,ST-428,신정6동_019_4,ST-2005,신정1동_003_1,1,35,1750.0
9000581,20220930,1,2355,ST-2888,우장산동_020_1,ST-2419,발산1동_066_1,1,51,8190.0
9000582,20220930,1,2355,ST-990,상암동_053_1,ST-2905,망원1동_041_1,1,15,2730.0
9000583,20220930,1,2355,ST-735,공릉1동_012_1,ST-604,공릉2동_021_4,1,4,760.0
9000584,20220930,1,2355,ST-37,신촌동_031_2,ST-2206,북가좌1동_019_1,1,17,3404.57
9000585,20220930,1,2355,ST-1065,가양1동_040_1,ST-2557,화곡6동_022_1,2,18,2981.37
9000586,20220930,1,2355,ST-683,노량진1동_001_3,ST-1150,노량진1동_041_1,1,12,955.85
9000587,20220930,1,2355,ST-533,등촌2동_027_1,ST-1400,목3동_039_1,1,2,570.0
9000588,20220930,1,2355,ST-2876,방이2동_012_2,ST-1421,암사3동_004_1,1,35,7411.71
9000589,20220930,1,2355,ST-1323,도림동_027_1,ST-2809,신길3동_025_2,1,6,1188.61
9000590,20220930,1,2355,ST-173,혜화동_039_1,ST-156,혜화동_001_1,1,2,0.0
9000591,20220930,1,2355,ST-2764,신정6동_001_1,ST-993,신정1동_004_2,1,10,1789.17
9000592,20220930,1,2355,ST-2528,공덕동_068_2,ST-2822,영등포동_012_2,1,26,4318.28
9000593,20220930,1,2355,ST-1076,가락1동_001_1,ST-2587,문정1동_013_1,1,8,1440.0
9000594,20220930,1,2355,ST-2979,연남동_034_1,ST-2825,응암2동_001_1,1,24,4464.03
9000595,20220930,1,2355,ST-285,문래동_057_1,ST-1968,영등포동_006_1,1,21,2040.0
9000596,20220930,1,2355,ST-819,도곡2동_004_1,ST-810,역삼1동_053_2,1,14,1463.74
9000597,20220930,1,2355,ST-50,여의동_034_1,ST-72,여의동_005_14,1,12,1594.27
9000598,20220930,1,2355,ST-637,독산1동_018_1,ST-2892,구로5동_053_1,1,28,4361.01
9000599,20220930,1,2355,ST-1451,망우본동_064_1,ST-561,망우본동_030_1,1,5,989.36
